nombre,fechaNac
Willa,1998-12-30 07:13:10
Jorrie,1983-10-02 05:23:12
Mia,1999-05-22 00:25:09
Lilli,1995-02-20 18:21:06
Natala,1987-11-06 22:22:11
Merrile,1996-06-08 19:28:13
Niccolo,1987-01-02 16:29:05
Vivie,1982-10-20 13:27:42
Rene,1998-04-29 07:57:24
Phyllys,1980-04-14 11:46:18
Bail,1988-07-23 01:00:22
Giraud,1984-09-09 08:28:18
Lee,1997-03-19 20:39:31
Rustie,1999-01-28 07:12:04
Blanche,1994-02-28 00:09:41
Mavra,1982-04-09 03:06:53
Mady,1988-09-04 05:14:32
Wren,1992-04-25 12:36:23
Dayna,1992-01-27 05:16:28
Araldo,1990-06-29 22:41:05
Willem,1999-03-31 21:37:41
Eydie,1990-09-29 14:21:58
Lavinie,1995-09-08 05:19:20
Flora,1992-06-11 17:51:10
Harmonia,1985-12-18 01:59:19
Olympie,1999-07-09 11:27:12
Lin,1980-09-07 21:37:21
Broderick,1992-08-10 03:39:56
Umeko,1992-10-04 13:29:42
Jordanna,1987-11-23 12:09:03
Gram,1989-05-07 16:38:41
Amelia,1999-11-05 18:59:09
Zorina,1984-03-04 15:34:11
Jaynell,1987-02-27 12:21:49
Bernadette,1986-10-06 08:54:41
Lana,1999-05-04 19:45:22
Joey,1983-07-28 03:16:17
Nicholas,1986-11-17 01:40:59
Kermie,1989-11-21 12:55:26
Pammi,1998-07-01 22:22:39
Denny,1990-10-25 15:46:45
Lexi,1985-02-01 01:14:17
Vi,1981-12-05 07:28:07
Irina,1996-01-24 07:52:21
Suzanne,1993-11-19 06:04:33
Hughie,1999-11-27 22:55:52
Garrick,1980-10-05 21:18:24
Gillian,1997-06-15 12:31:17
Casi,1997-11-17 00:52:29
Reade,1998-11-18 07:50:37
Annetta,1988-09-20 18:44:04
Addi,1988-05-13 18:42:30
Everard,1989-01-11 04:21:20
Anastassia,1985-02-23 17:58:04
Sherwood,1982-06-26 09:20:04
Yvonne,1993-03-28 02:05:34
Banky,1987-04-26 16:17:08
Ivory,1996-07-20 02:24:03
Roanne,1998-07-29 18:49:58
Jens,1996-05-08 19:14:56
Yance,1994-11-13 13:50:27
Far,1994-06-17 18:15:07
Fabio,1984-08-21 11:00:49
Rozella,1985-06-16 09:43:31
Ladonna,1994-02-03 18:07:44
Carolyn,1989-03-23 23:45:46
Padriac,1995-07-22 01:04:33
Willie,1985-11-25 11:43:49
Robbi,1980-09-20 14:40:56
Dot,1997-05-25 19:47:01
Tiffany,1990-02-26 02:26:46
Denna,1992-03-26 11:13:07
Elsie,1983-03-25 09:40:17
Cornall,1993-09-14 16:03:37
Evan,1991-04-28 16:50:28
Ulrica,1984-02-11 05:49:56
Serge,1994-03-04 04:01:52
Emmott,1986-09-16 07:51:42
Lynnet,1998-01-31 16:24:15
Hyacinthia,1996-06-20 14:04:25
Silvester,1981-09-25 02:01:47
Sibylla,1998-02-24 23:06:07
Ashely,1997-07-20 03:43:17
Armand,1989-07-25 21:20:39
Nikolaus,1998-08-30 15:48:45
Brina,1993-06-27 14:23:20
Gerty,1985-05-14 03:20:05
Bradley,1997-03-16 04:20:42
Rickard,1996-11-19 20:53:40
Tracey,1982-04-07 00:02:22
Lezlie,1999-12-28 11:36:24
Tamma,1994-03-03 20:53:25
Cinderella,1987-05-13 17:52:33
Fredek,1981-10-08 17:26:14
Hendrik,1980-02-27 18:38:24
Dom,1981-06-23 22:10:37
Phillis,1982-02-22 18:18:38
Gaston,1980-12-20 04:20:44
Merrili,1983-02-04 09:27:40
